-- MySQL dump 10.13  Distrib 5.7.17, for Win64 (x86_64)
--
-- Host: localhost    Database: carservice
-- ------------------------------------------------------
-- Server version	8.0.11

/*!40101 SET @OLD_CHARACTER_SET_CLIENT=@@CHARACTER_SET_CLIENT */;
/*!40101 SET @OLD_CHARACTER_SET_RESULTS=@@CHARACTER_SET_RESULTS */;
/*!40101 SET @OLD_COLLATION_CONNECTION=@@COLLATION_CONNECTION */;
/*!40101 SET NAMES utf8 */;
/*!40103 SET @OLD_TIME_ZONE=@@TIME_ZONE */;
/*!40103 SET TIME_ZONE='+00:00' */;
/*!40014 SET @OLD_UNIQUE_CHECKS=@@UNIQUE_CHECKS, UNIQUE_CHECKS=0 */;
/*!40014 SET @OLD_FOREIGN_KEY_CHECKS=@@FOREIGN_KEY_CHECKS, FOREIGN_KEY_CHECKS=0 */;
/*!40101 SET @OLD_SQL_MODE=@@SQL_MODE, SQL_MODE='NO_AUTO_VALUE_ON_ZERO' */;
/*!40111 SET @OLD_SQL_NOTES=@@SQL_NOTES, SQL_NOTES=0 */;

--
-- Table structure for table `cars`
--

DROP TABLE IF EXISTS `cars`;
/*!40101 SET @saved_cs_client     = @@character_set_client */;
/*!40101 SET character_set_client = utf8 */;
CREATE TABLE `cars` (
  `CarId` int(11) NOT NULL AUTO_INCREMENT,
  `Manufacturer` longtext,
  `Model` longtext,
  `Year` int(11) NOT NULL,
  `Transmission` longtext,
  `Power` int(11) NOT NULL,
  `OwnerId` int(11) NOT NULL,
  PRIMARY KEY (`CarId`),
  KEY `FK_Cars_Owners_OwnerId` (`OwnerId`),
  CONSTRAINT `FK_Cars_Owners_OwnerId` FOREIGN KEY (`OwnerId`) REFERENCES `owners` (`ownerid`) ON DELETE CASCADE ON UPDATE CASCADE
) ENGINE=InnoDB AUTO_INCREMENT=122 DEFAULT CHARSET=utf8mb4 COLLATE=utf8mb4_0900_ai_ci;
/*!40101 SET character_set_client = @saved_cs_client */;

--
-- Dumping data for table `cars`
--

LOCK TABLES `cars` WRITE;
/*!40000 ALTER TABLE `cars` DISABLE KEYS */;
INSERT INTO `cars` (`CarId`, `Manufacturer`, `Model`, `Year`, `Transmission`, `Power`, `OwnerId`) VALUES (82,'Ford','Sorento',2003,'Вариатор',99,80),(83,'Opel','Focus',2010,'АКПП',109,87),(84,'Skoda','Civic',1992,'МКПП',100,66),(85,'Ford','Lancer',1995,'Вариатор',125,77),(86,'LADA','Civic',1994,'АКПП',118,73),(87,'Opel','Jumpy',2010,'Вариатор',100,91),(88,'Toyota','Astra',2001,'АКПП',126,76),(89,'Ford','Civic',2000,'МКПП',104,65),(90,'Opel','Matiz',2014,'Вариатор',129,79),(91,'Mitsubishi','Lancer',2006,'Вариатор',99,72),(92,'LADA','Golf',2009,'АКПП',113,80),(93,'Ford','Focus',2005,'Вариатор',96,72),(94,'Mitsubishi','RAV4',2005,'АКПП',82,78),(95,'Mitsubishi','Priora',2014,'МКПП',127,65),(96,'Citroen','Astra',1998,'Вариатор',129,81),(97,'Ford','X5',1993,'Вариатор',121,91),(98,'Ford','Duster',2009,'АКПП',97,89),(99,'Toyota','Teana',2011,'АКПП',128,79),(100,'Volkswagen','Jumpy',2003,'МКПП',116,68),(101,'KIA','X5',1994,'МКПП',111,73),(102,'Mitsubishi','Focus',2006,'Вариатор',128,80),(103,'Mitsubishi','Jetta',2004,'МКПП',100,70),(104,'Opel','Oktavia',2006,'Вариатор',96,78),(105,'Nissan','Lancer',1994,'АКПП',121,87),(106,'LADA','Oktavia',2004,'МКПП',101,89),(107,'KIA','Sorento',2009,'МКПП',117,84),(108,'BMW','Jumpy',2003,'МКПП',125,78),(109,'KIA','C-MAX',2002,'МКПП',111,73),(110,'Ford','Astra',2001,'МКПП',117,71),(111,'Volkswagen','Civic',1991,'Вариатор',101,70),(112,'KIA','X5',2014,'Вариатор',116,77),(113,'Renault','Spectra',2009,'МКПП',118,77),(114,'Citroen','Focus',2003,'МКПП',95,70),(115,'Honda','C-MAX',1992,'АКПП',99,84),(116,'Skoda','Focus',2014,'АКПП',94,91),(117,'KIA','Oktavia',1993,'МКПП',104,70),(118,'Toyota','Jetta',1991,'Вариатор',100,72),(119,'Ford','Sorento',2008,'АКПП',105,64),(120,'LADA','Focus',1997,'АКПП',117,62),(121,'Volkswagen','Duster',2007,'АКПП',101,84);
/*!40000 ALTER TABLE `cars` ENABLE KEYS */;
UNLOCK TABLES;

--
-- Table structure for table `orders`
--

DROP TABLE IF EXISTS `orders`;
/*!40101 SET @saved_cs_client     = @@character_set_client */;
/*!40101 SET character_set_client = utf8 */;
CREATE TABLE `orders` (
  `OrderId` int(11) NOT NULL AUTO_INCREMENT,
  `WorkName` longtext,
  `TimeStart` datetime NOT NULL,
  `TimeFinish` datetime DEFAULT NULL,
  `Price` int(11) NOT NULL,
  `CarId` int(11) NOT NULL,
  PRIMARY KEY (`OrderId`),
  KEY `FK_Orders_Cars_CarId` (`CarId`),
  CONSTRAINT `FK_Orders_Cars_CarId` FOREIGN KEY (`CarId`) REFERENCES `cars` (`carid`) ON DELETE CASCADE ON UPDATE CASCADE
) ENGINE=InnoDB AUTO_INCREMENT=152 DEFAULT CHARSET=utf8mb4 COLLATE=utf8mb4_0900_ai_ci;
/*!40101 SET character_set_client = @saved_cs_client */;

--
-- Dumping data for table `orders`
--

LOCK TABLES `orders` WRITE;
/*!40000 ALTER TABLE `orders` DISABLE KEYS */;
INSERT INTO `orders` (`OrderId`, `WorkName`, `TimeStart`, `TimeFinish`, `Price`, `CarId`) VALUES (102,'Замена гидрокомпенсаторов','2018-03-10 11:56:00','2018-04-01 15:39:00',1500,89),(103,'Замена маслосъемных колпачков','2018-02-24 13:50:00','2018-06-05 17:06:00',6000,112),(104,'Замена амортизаторов','2018-03-02 17:20:00','2018-04-01 16:48:00',7000,97),(105,'Замена и ремонт элементов подвески автомобиля','2018-04-14 16:16:00','2018-04-17 12:48:00',4500,90),(106,'Замена гидроусилителя руля','2018-04-22 13:03:00','2018-05-10 11:26:00',9000,117),(107,'Замена рулевого управления','2018-04-18 10:01:00',NULL,7500,95),(108,'Ремонт радиатора','2018-04-20 13:46:00',NULL,4000,98),(109,'Замена троса сцепления','2018-01-04 16:33:00',NULL,10000,102),(110,'Установка противотуманных фар','2018-04-05 10:20:00','2018-04-08 10:08:00',2500,96),(111,'Установка парктроника','2018-01-27 14:08:00',NULL,6000,82),(112,'Компьютерная диагностика электрооборудования','2018-01-07 11:29:00','2018-06-25 14:33:00',8500,88),(113,'Замена свечей накаливания','2018-02-11 12:02:00','2018-05-13 10:28:00',3000,87),(114,'Ремонт механизма стеклоочистителя','2018-04-12 10:22:00','2018-06-13 15:49:00',6000,117),(115,'Замена форсунок омывателя стекол','2018-01-15 12:53:00',NULL,9500,119),(116,'Замена моторчика омывателя','2018-03-11 10:47:00','2018-06-11 10:49:00',2500,82),(117,'Замена гидрокомпенсаторов','2018-03-02 10:52:00','2018-05-04 17:52:00',5000,107),(118,'Замена маслосъемных колпачков','2018-03-10 14:07:00','2018-04-22 12:41:00',3500,91),(119,'Замена амортизаторов','2018-01-21 12:42:00','2018-02-28 11:12:00',4000,103),(120,'Замена и ремонт элементов подвески автомобиля','2018-01-26 12:47:00','2018-03-06 16:59:00',8000,85),(121,'Замена гидроусилителя руля','2018-01-21 16:13:00','2018-02-26 12:30:00',10000,87),(122,'Замена рулевого управления','2018-02-02 12:35:00','2018-04-26 17:40:00',9500,102),(123,'Ремонт радиатора','2018-03-03 15:49:00','2018-06-16 11:51:00',2500,103),(124,'Замена троса сцепления','2018-02-21 14:55:00','2018-05-25 12:56:00',2500,112),(125,'Установка противотуманных фар','2018-03-15 12:25:00','2018-04-17 17:00:00',3000,116),(126,'Установка парктроника','2018-01-02 15:33:00','2018-02-02 15:22:00',4500,103),(127,'Компьютерная диагностика электрооборудования','2018-02-16 15:01:00','2018-04-07 10:24:00',2000,109),(128,'Замена свечей накаливания','2018-03-16 11:33:00',NULL,4000,106),(129,'Ремонт механизма стеклоочистителя','2018-01-16 14:15:00','2018-04-24 11:12:00',7500,94),(130,'Замена форсунок омывателя стекол','2018-01-02 15:48:00','2018-06-05 15:54:00',6000,94),(131,'Замена моторчика омывателя','2018-02-22 14:48:00',NULL,8500,102),(132,'Замена гидрокомпенсаторов','2018-03-24 11:10:00','2018-04-04 16:50:00',4000,91),(133,'Замена маслосъемных колпачков','2018-04-09 13:13:00','2018-04-10 10:11:00',4500,92),(134,'Замена амортизаторов','2018-02-17 13:37:00','2018-06-15 11:54:00',4000,112),(135,'Замена и ремонт элементов подвески автомобиля','2018-01-15 16:39:00','2018-02-25 13:32:00',3500,94),(136,'Замена гидроусилителя руля','2018-01-26 12:25:00','2018-05-28 13:50:00',8000,121),(137,'Замена рулевого управления','2018-03-10 15:42:00',NULL,6000,82),(138,'Ремонт радиатора','2018-02-08 16:21:00','2018-03-07 11:44:00',1500,106),(139,'Замена троса сцепления','2018-03-15 14:20:00','2018-04-22 11:25:00',4500,86),(140,'Установка противотуманных фар','2018-02-22 14:00:00','2018-03-17 11:11:00',3500,116),(141,'Установка парктроника','2018-02-16 10:33:00','2018-02-19 12:40:00',2000,92),(142,'Компьютерная диагностика электрооборудования','2018-02-20 11:08:00','2018-02-22 14:25:00',5000,107),(143,'Замена свечей накаливания','2018-01-26 10:49:00','2018-05-24 14:35:00',3000,93),(144,'Ремонт механизма стеклоочистителя','2018-04-05 10:20:00',NULL,1500,86),(145,'Замена форсунок омывателя стекол','2018-04-14 16:51:00',NULL,7000,94),(146,'Замена моторчика омывателя','2018-03-25 13:04:00',NULL,9000,87),(147,'Замена свечей накаливания','2018-04-11 16:50:00','2018-04-23 12:10:00',4500,111),(148,'Ремонт механизма стеклоочистителя','2018-01-27 17:42:00',NULL,7500,87),(149,'Замена форсунок омывателя стекол','2018-04-08 10:14:00',NULL,8000,108),(150,'Замена моторчика омывателя','2018-01-24 16:44:00','2018-05-25 13:34:00',1500,100),(151,'Замена гидрокомпенсаторов','2018-04-28 17:58:00','2018-06-04 12:06:00',7000,116);
/*!40000 ALTER TABLE `orders` ENABLE KEYS */;
UNLOCK TABLES;

--
-- Table structure for table `owners`
--

DROP TABLE IF EXISTS `owners`;
/*!40101 SET @saved_cs_client     = @@character_set_client */;
/*!40101 SET character_set_client = utf8 */;
CREATE TABLE `owners` (
  `OwnerId` int(11) NOT NULL AUTO_INCREMENT,
  `LastName` longtext,
  `FirstName` longtext,
  `FatherName` longtext,
  `Year` int(11) NOT NULL,
  `Phone` longtext,
  PRIMARY KEY (`OwnerId`)
) ENGINE=InnoDB AUTO_INCREMENT=92 DEFAULT CHARSET=utf8mb4 COLLATE=utf8mb4_0900_ai_ci;
/*!40101 SET character_set_client = @saved_cs_client */;

--
-- Dumping data for table `owners`
--

LOCK TABLES `owners` WRITE;
/*!40000 ALTER TABLE `owners` DISABLE KEYS */;
INSERT INTO `owners` (`OwnerId`, `LastName`, `FirstName`, `FatherName`, `Year`, `Phone`) VALUES (62,'Нюхтилина','Эвелина','Борисовна',1955,'+79109045234'),(63,'Маслов','﻿Август','Самсонович',1952,'+79109015940'),(64,'Остроумов','Святослав','Макарович',1961,'+79108058040'),(65,'Бычкова','Христина','Иосифовна',1974,'+79104458297'),(66,'Малинов','Адам','Иннокентиевич',1965,'+79103956934'),(67,'Овсова','Любава','Иларионовна',1990,'+79109451448'),(68,'Кравков','Пахом','Онисимович',1960,'+79106285174'),(69,'Янышева','Нона','Фомевна',1953,'+79108932917'),(70,'Чукчов','Максимильян','Трофимович',1977,'+79101695978'),(71,'Форофонтов','Феофан','Матвеевич',1959,'+79103018109'),(72,'Алябьева','Инга','Юлиевна',1996,'+79107531091'),(73,'Громыко','Дементий','Игоревич',1940,'+79108123012'),(74,'Токарев','Елисей','Артемович',1991,'+79105235513'),(75,'Изюмова','Агафья','Глебовна',1956,'+79107044561'),(76,'Лобза','Алина','Давидовна',1942,'+79105122324'),(77,'Ипатьева','Арина','Иосифовна',1995,'+79107904433'),(78,'Капралов','Яков','Захарович',1999,'+79106992034'),(79,'Кулатова','Лиана','Василиевна',1952,'+79101152665'),(80,'Этуша','Алла','Емельяновна',1952,'+79109936674'),(81,'Якунин','Вадим','Егорович',1942,'+79102149567'),(82,'Косарёва','Берта','Михеевна',1949,'+79105597704'),(83,'Кочергов','Леонид','Игоревич',1985,'+79103478787'),(84,'Журавлёв','Данила','Иосифович',1974,'+79106283460'),(85,'Яфаев','Чеслав','Кондратиевич',1950,'+79109710657'),(86,'Другакова','Варвара','Борисовна',1941,'+79109327132'),(87,'Ивашин','Прохор','Егорович',1991,'+79109240909'),(88,'Козырева','Валентина','Игоревна',1962,'+79101419427'),(89,'Малюгина','Василиса','Родионовна',1997,'+79108857147'),(90,'Лобачёва','Лариса','Ильевна',1993,'+79105232768'),(91,'Дудинов','Кузьма','Геннадиевич',1995,'+79107654952');
/*!40000 ALTER TABLE `owners` ENABLE KEYS */;
UNLOCK TABLES;
/*!40103 SET TIME_ZONE=@OLD_TIME_ZONE */;

/*!40101 SET SQL_MODE=@OLD_SQL_MODE */;
/*!40014 SET FOREIGN_KEY_CHECKS=@OLD_FOREIGN_KEY_CHECKS */;
/*!40014 SET UNIQUE_CHECKS=@OLD_UNIQUE_CHECKS */;
/*!40101 SET CHARACTER_SET_CLIENT=@OLD_CHARACTER_SET_CLIENT */;
/*!40101 SET CHARACTER_SET_RESULTS=@OLD_CHARACTER_SET_RESULTS */;
/*!40101 SET COLLATION_CONNECTION=@OLD_COLLATION_CONNECTION */;
/*!40111 SET SQL_NOTES=@OLD_SQL_NOTES */;

-- Dump completed on 2018-07-24 19:36:09
